Domain,Company Name,Company Region,Company Country,Company Industry
facebook.com,Facebook,California,United States,Internet
twitter.com,Twitter,California,United States,Internet
ask.com,Ask.com,California,United States,Publishing
att.com,AT&T Business,Texas,United States,Telecommunications
go.com,Disney Parks & Resorts,Illinois,United States,Hospitality
indeed.com,Indeed.com,Connecticut,United States,Internet
verizonwireless.com,Verizon Wireless,New Jersey,United States,Telecommunications
godaddy.com,GoDaddy,Arizona,United States,Internet
directv.com,DIRECTV,California,United States,Telecommunications
whitepages.com,Whitepages,Washington,United States,Internet
surveymonkey.com,SurveyMonkey,California,United States,Internet
comcast.com,Comcast,Pennsylvania,United States,Media Production
t-mobile.com,T-Mobile,Washington,United States,Telecommunications
aol.com,AOL,New York,United States,Internet
verizon.com,Verizon,New Jersey,United States,Information Technology & Services
shopify.com,Shopify,Ontario,Canada,Internet
sprint.com,Sprint,Kansas,United States,Telecommunications
spokeo.com,Spokeo,California,United States,Internet
bing.com,BING (Bureau Integriteit),,Netherlands,Security & Investigations
lg.com,LG Electronics,California,United States,Consumer Electronics
timewarnercable.com,Timewarner Cable Inc,,,Information Technology & Services
constantcontact.com,Constant Contact,Massachusetts,United States,Computer Software
zoho.com,Zoho Corporation,California,United States,Information Technology & Services
wix.com,Wix.com,,Israel,Internet
gotomeeting.com,Citrix,California,United States,Computer Software
dish.com,Dish Network,Colorado,United States,Telecommunications
shareasale.com,ShareASale.com,Illinois,United States,Marketing & Advertising
intelius.com,Intelius,Washington,United States,Internet
charter.com,Charter Communications,Missouri,United States,Telecommunications
bizrate.com,"Connexity, Inc.",California,United States,Internet
conduit.com,Conduit,California,United States,Internet
mediaplex.com,Mediaplex,California,United States,Marketing & Advertising
webs.com,Webs,Maryland,United States,Internet
about.com,About.com,New York,United States,Internet
blackberry.com,BlackBerry,Ontario,Canada,Computer Software
hubspot.com,HubSpot,,,Internet
centurylink.com,CenturyLink,Louisiana,United States,Information Technology & Services
skype.com,Skype,,Luxembourg,Computer Software
exacttarget.com,ExactTarget,Indiana,United States,Computer Software
motorola.com,Motorola Mobility (a Lenovo Company),Illinois,United States,Consumer Electronics
reachlocal.com,ReachLocal,California,United States,Marketing & Advertising
peoplefinders.com,PeopleFinders,California,United States,Internet
qualcomm.com,Qualcomm,California,United States,Wireless
hostgator.com,Hostgator.com,Texas,United States,Internet
rackspace.com,Rackspace,Texas,United States,Information Technology & Services
cox.com,Cox Communications,Georgia,United States,Broadcast Media
box.com,Box,California,United States,Internet
spiceworks.com,Spiceworks,Texas,United States,Internet
metropcs.com,MetroPCS,Texas,United States,Telecommunications
verticalresponse.com,VerticalResponse,California,United States,Internet
alot.com,Alot.com,New York,United States,Internet
zagg.com,ZAGG International,Utah,United States,Consumer Electronics
webex.com,Cisco,California,United States,Computer Networking
otterbox.com,OtterBox,Colorado,United States,Consumer Electronics
sulekha.com,Sulekha.com,,India,Internet
formstack.com,Formstack,Indiana,United States,Internet
msn.com,MSN,,,Online Publishing
mylife.com,MyLife.com,California,United States,Information Technology & Services
rdio.com,Rdio,California,United States,Music
icontact.com,iContact,North Carolina,United States,Information Technology & Services
ning.com,Ning,California,United States,Internet
virginmobileusa.com,Virgin Mobile USA,New Jersey,United States,Wireless
avaya.com,Avaya,New Jersey,United States,Telecommunications
bigcommerce.com,BigCommerce,,,Computer Software
yandex.ru,Yandex,,Russian Federation,Internet
nokia.com,Nokia,Texas,United States,Telecommunications
univision.com,Univision Communications Inc.,New York,United States,Broadcast Media
jawbone.com,Aliph,California,United States,Consumer Electronics
rakuten.co.jp,Rakuten,,Japan,Internet
networksolutions.com,Network Solutions,Virginia,United States,Information Technology & Services
8x8.com,8x8,California,United States,Information Technology & Services
vonage.com,Vonage,New Jersey,United States,Telecommunications
baidu.com,"Baidu, Inc.",,China,Internet
business.com,Business.com,California,United States,Online Publishing
mitel.com,Mitel,,,Telecommunications
bluehost.com,Bluehost,Utah,United States,Internet
sonymobile.com,Sony Mobile Communications,,United Kingdom,Telecommunications
ringcentral.com,RingCentral,California,United States,Computer Software
paltalk.com,Paltalk,New York,United States,Internet
sharefile.com,ShareFile,North Carolina,United States,Computer Software
campusexplorer.com,Campus Explorer,California,United States,Internet
riverbed.com,Riverbed Technology,California,United States,Computer Networking
marinsoftware.com,Marin Software,California,United States,Internet
mycricket.com,Cricket Wireless,California,United States,Telecommunications
gotowebinar.com,Avanse Financial Services Ltd.,,,Financial Services
mail.com,Yomio,Pennsylvania,United States,Consumer Goods
atdmt.com,Bally's Las Vegas,Nevada,United States,Other: Other
rebtel.com,Rebtel,New York,United States,Telecommunications
1and1.com,"1&1 Internet, Inc.",,,Internet
bluejeans.com,BlueJeans Network,California,United States,Computer Software
vzw.com,Verizon Wireless,New Jersey,United States,Telecommunications
mimecast.com,Mimecast,,United Kingdom,Information Technology & Services
uscellular.com,U.S. Cellular,Illinois,United States,Wireless
getsatisfaction.com,Get Satisfaction,California,United States,Internet
hughesnet.com,Hughes Network Systems,Maryland,United States,Telecommunications
aweber.com,AWeber,Pennsylvania,United States,Computer Software
animoto.com,Animoto,New York,United States,Computer Software
neat.com,The Neat Company,Pennsylvania,United States,Computer Software
peoplesmart.com,People Smart LLC,Alabama,United States,Business Services: HR and Recruiting Services
megapath.com,MegaPath,California,United States,Telecommunications
swagbucks.com,Swag Bucks,New York,United States,Media & Entertainment: Media & Entertainment Other
boingo.com,Boingo Wireless,California,United States,Wireless
greatcall.com,GreatCall,California,United States,Medical Device
secureserver.net,Secure Server,Connecticut,United States,Other: Other
fonality.com,Fonality,Texas,United States,Telecommunications
globo.com,GLOBO,,,Translation & Localization
sugarsync.com,SugarSync,California,United States,Computer Software
bmc.com,BMC Software,Texas,United States,Information Technology & Services
terra.com,proveeduria lionard s.a.c,Florida,United States,Food & Beverages
weebly.com,Weebly,,,Internet
naver.com,NAVER Corp,,Korea,Internet
register.com,Register.com,New York,United States,Internet
sproutsocial.com,"Sprout Social, Inc.",,United States,Internet
dishnetwork.com,Dish Network,Colorado,United States,Telecommunications
efax.com,Efax,California,United States,"Computers & Electronics, Peripherals Manufacturing, Business Services, Business Services Other"
about.me,about.me,,,Internet
one.com,One.com,,United Arab Emirates,Information Technology & Services
vpweb.com,Dolce Cuore Event Planning,New Jersey,United States,Events Services
teamtreehouse.com,Treehouse,Florida,United States,E-learning
airpush.com,"Airpush, Inc",California,United States,Marketing & Advertising
tradedoubler.com,Tradedoubler,,Sweden,Marketing & Advertising
compete.com,"Compete, Inc.",Massachusetts,United States,Market Research
rcn.com,RCN,New Jersey,United States,Telecommunications
nextiva.com,Nextiva,Arizona,United States,Telecommunications
live.com,Netcreate,California,United States,Software & Internet: Software
ifbyphone.com,DialogTech,Illinois,United States,Marketing & Advertising
whatcounts.com,WhatCounts,Georgia,United States,Marketing & Advertising
readytalk.com,ReadyTalk,Colorado,United States,Telecommunications
plantronics.com,Plantronics,California,United States,Telecommunications
hostway.com,"Hostway Services, Inc",Illinois,United States,Information Technology & Services
semrush.com,SEMrush,Pennsylvania,United States,Internet
kudzu.com,Kudzu,Georgia,United States,Internet
zinio.com,ZINIO,California,United States,Publishing
wirefly.com,Wirefly,Virginia,United States,Consumer Electronics
sonyentertainmentnetwork.com,PlayStation™Network - Sony Network Entertainment Int’l,,,Computer Software
twilio.com,Twilio Inc.,California,United States,Internet
actonsoftware.com,"Act-On Software, Inc.",Oregon,United States,Computer Software
newhaven.edu,University of New Haven,Connecticut,United States,Higher Education
ussearch.com,US Search.com,California,United States,Internet
name.com,Name.com,Colorado,United States,Information Technology & Services
3dcart.com,3dcart,,,Internet
altova.com,Altova,Massachusetts,United States,Computer Software
android.com,Android Inc.,California,United States,"Telecommunications, Telephone Service Providers and Carriers, Telecommunications, Video and Teleconferencing"
jimdo.com,Jimdo,California,United States,Internet
headsets.com,Headsets.com,California,United States,Telecommunications
phonepower.com,VOIP.COM,California,United States,Telecommunications
prana.com,prAna Living,California,United States,Apparel & Fashion
templatemonster.com,TemplateMonster.com,,,Design
puretalkusa.com,Pure TalkUSA,Georgia,United States,Telecommunications
findmespot.com,Globalstar/SPOT Inc,,,Consumer Electronics
gazelle.com,Gazelle,Massachusetts,United States,Internet
tracfone.com,TracFone Wireless,Florida,United States,Telecommunications
infoblox.com,Infoblox,California,United States,Computer Networking
houzz.com,Houzz,California,United States,Internet
verizon.net,Verizon,New Jersey,United States,Information Technology & Services
rogers.com,Rogers Communications,Ontario,Canada,Telecommunications
pgi.com,PGi,Georgia,United States,Information Technology & Services
lifesize.com,Lifesize,Texas,United States,Telecommunications
comm100.com,Comm100,British Columbia,Canada,Computer Software
bitly.com,Bitly,New York,United States,Internet
proofpoint.com,Proofpoint,California,United States,Computer & Network Security
niu.edu,Northern Illinois University,Illinois,United States,Higher Education
namecheap.com,"Namecheap, Inc",California,United States,Information Technology & Services
rtrk.com,,,,
avangate.com,Avangate,,Netherlands,Computer Software
earthlink.net,earthlink,Georgia,United States,Telecommunications
onstar.com,OnStar,Michigan,United States,Automotive
tel3.com,TEL3,Florida,United States,Telecommunications
ipage.com,IPage,Massachusetts,United States,Business Services: Business Services Other
toptenreviews.com,Top Ten Reviews,Utah,United States,Internet
godish.com,GoDISH.com,Texas,United States,Marketing & Advertising
quirky.com,Quirky,New York,United States,Consumer Goods
mediatemple.net,Media Temple,California,United States,Internet
winegard.com,Winegard Company,Iowa,United States,Telecommunications
ooma.com,"Ooma, Inc.",California,United States,Telecommunications
good.com,Good Powered by BlackBerry,California,United States,Wireless
optimum.com,"Paggi Engineering, Lawrence J. Paggi PE,PC",New York,United States,Civil Engineering
onecallnow.com,One Call Now,Ohio,United States,Telecommunications
webcrawler.com,WebCrawler,,,Graphic Design
safelinkwireless.com,Safe Link,Ontario,Canada,Business Services: Security Services
intercall.com,West Unified Communications Services,Illinois,United States,Telecommunications
pingdom.com,Pingdom,,Sweden,Information Technology & Services
box.net,Box,California,United States,Internet
webnode.com,Webnode AG,,,Information Technology & Services
gazeta.pl,Gazeta,Ontario,Canada,Media & Entertainment: Media & Entertainment Other
kissmetrics.com,Kissmetrics,California,United States,Internet
stackexchange.com,Stack Overflow,New York,United States,Internet
livehelpnow.net,LiveHelpNow,Pennsylvania,United States,Internet
ting.com,TING,,India,Marketing & Advertising
mophie.com,mophie,California,United States,Consumer Electronics
tinyurl.com,TinyURL,,,Information Technology & Services
myfax.com,MyFax Online Fax Service,Ontario,Canada,Telecommunications
stumbleupon.com,StumbleUpon,California,United States,Internet
consolidated.com,Consolidated Communications,Illinois,United States,Telecommunications
case-mate.com,Case-Mate,Georgia,United States,Consumer Goods
comcast.net,Comcast,Michigan,United States,Telecommunications: Cable Television Providers
vagaro.com,Vagaro Inc,California,United States,Internet
internap.com,Internap Corporation (INAP),Georgia,United States,Information Technology & Services
cellularoutfitter.com,"CellularOutfitter - Portfolio company of Mobovida, LLC",California,United States,Internet
motorolasolutions.com,Motorola Solutions,Illinois,United States,Telecommunications
info.com,Roanoke Valley Christian Schools,Virginia,United States,Education Management
dealtime.com,eBay Advertising,California,United States,Internet
ivillage.com,iVillage,New York,United States,Online Publishing
3dissue.com,3D Issue,,Ireland,Information Technology & Services
spigen.com,Spigen Inc,California,United States,Electrical & Electronic Manufacturing
findthebest.com,Graphiq Inc.,California,United States,Internet
trumpia.com,Trumpia,California,United States,Internet
griffintechnology.com,Griffin Technology,Tennessee,United States,Consumer Electronics
softlayer.com,"SoftLayer, an IBM Company",Texas,United States,Internet
justhost.com,Just Host,,,Internet
meraki.com,Cisco Meraki,California,United States,Computer Networking
myway.com,My Way,,,Marketing & Advertising
freeconferencecall.com,FreeConferenceCall.com,,,Telecommunications
brighthouse.com,Bright House Networks,New York,United States,Telecommunications
home.pl,home.pl,,Poland,Internet
acquia.com,Acquia,Massachusetts,United States,Computer Software
sakura.ne.jp,Sakura,,,Arts & Crafts
inbox.com,Inbox.com,New Jersey,United States,Transportation & Storage: Warehousing and Storage
mxtoolbox.com,MxToolBox,Texas,United States,Information Technology & Services
viglink.com,VigLink,California,United States,Internet
nifty.com,FANTASISTA AND PARTNERS CO,New York,United States,Marketing & Advertising
harris.com,Harris Corporation,Florida,United States,Defense & Space
italkbb.com,"iTalk Global Communications, Inc",Virginia,United States,Telecommunications
securepaynet.net,Computek Inc.,Iowa,United States,"Software & Internet, E-commerce and Internet Businesses"
bluetooth.com,Bluetooth SIG,Washington,United States,Wireless
brandbucket.com,BrandBucket,California,United States,Internet
credomobile.com,CREDO Mobile,California,United States,Telecommunications
cchgroup.com,Wolters Kluwer Tax & Accounting US,Illinois,United States,Information Technology & Services
incredimail.com,IncrediMail,New York,United States,"Software & Internet, Software & Internet Other"
dogpile.com,Infospace,Washington,United States,Internet
ubreakifix.com,uBreakiFix,Florida,United States,Consumer Electronics
thenextweb.com,TNW,,Netherlands,Online Publishing
flippa.com,Flippa,,Australia,Internet
cartoys.com,Car Toys,Washington,United States,Retail
sedo.com,Sedo.com,,Germany,Internet
surveygizmo.com,Widgix Software,,,Market Research
123contactform.com,123ContactForm,,,Internet
ucoz.com,uCoz,,,Internet
televisionfanatic.com,,,,
findtherightjob.com,,,,
zimbra.com,Zimbra,California,United States,Computer Software
lingo.com,"Lingo, Inc.",Virginia,United States,Telecommunications
cellphoneshop.net,Phone Shop,California,United States,"Real Estate & Construction, Construction and Remodeling"
phone.com,Phone.com,New Jersey,United States,Information Technology & Services
mywebsearch.com,MyWebSearch,Arkansas,United States,"Manufacturing: Textiles, Apparel and Accessories"
soluto.com,Soluto,Texas,United States,Internet
backupify.com,Backupify ,Massachusetts,United States,Information Technology & Services
livedoor.jp,Livedoor,,,Internet
adblade.com,Adblade,New Jersey,United States,Marketing & Advertising
cakemail.com,Cakemail,Quebec,Canada,Marketing & Advertising
radaris.com,Radaris,Massachusetts,United States,Consumer Services
benchmarkemail.com,Benchmark Email,California,United States,Marketing & Advertising
tinydeal.com,TinyDeal.com,,,Retail
ebizautos.com,eBizAutos,Nevada,United States,Internet
liquidweb.com,Liquid Web,Michigan,United States,Internet
scorebig.com,ScoreBig,California,United States,Entertainment
consumercellular.com,"Consumer Cellular, Inc.",Oregon,United States,Wireless
vodafone.com,Vodafone,,United Kingdom,Telecommunications
brighttalk.com,BrightTALK,California,United States,Marketing & Advertising
liferay.com,"Liferay, Inc",California,United States,Information Technology & Services
marchex.com,Marchex,Washington,United States,Internet
freewebs.com,Webs,Maryland,United States,Internet
digicelgroup.com,Digicel Group,,Jamaica,Telecommunications
012global.com,Maestro-Pejovic A&D Consultants LLC,,,International Trade & Development
earthlinkbusiness.com,earthlink,Georgia,United States,Telecommunications
1shoppingcart.com,1ShoppingCart.com,Ontario,Canada,Internet
buuteeq.com,buuteeq Inc.,Washington,United States,Computer Software
grasshopper.com,Grasshopper,Massachusetts,United States,Telecommunications
ciena.com,Ciena,Maryland,United States,Telecommunications
test.com,Test.com,California,United States,"Software & Internet, Data Analytics, Management and Storage"
mailjet.com,Mailjet,,,Internet
polycom.com,Polycom,California,United States,Telecommunications
demandbase.com,Demandbase,California,United States,Marketing & Advertising
squidoo.com,Squidoo,,,Internet
thrillist.com,Thrillist,New York,United States,Online Publishing
unitrends.com,Unitrends,South Carolina,United States,Computer Software
solidsignal.com,Solid Signal,Michigan,United States,Consumer Electronics
localedge.com,LocalEdge,New York,United States,Marketing & Advertising
singtel.com,Singtel,,Singapore,Telecommunications
dialmycalls.com,DialMyCalls,,,Telecommunications
sapo.pt,SAPO,,,Internet
payloadz.com,Payloadz,New York,United States,Internet
vibe.com,Vibe Media,,,Publishing
hostmonster.com,Hostmonster.com,,,Internet
kentico.com,Kentico Software,,Czech Republic,Computer Software
vanillaforums.com,Vanilla Forums,Quebec,Canada,Internet
promotive.com,Promotive,Michigan,United States,Retail: Automobile Dealers
biznessapps.com,Bizness Apps,,,Computer Software
chitika.com,"Chitika, Inc.",Massachusetts,United States,Internet
twcbc.com,Time Warner - Road Runner Business Class,Ohio,United States,"Telecommunications, Telephone Service Providers and Carriers"
telstra.com.au,Telstra,,Australia,Telecommunications
engadget.com,Engadget,New York,United States,Online Publishing
charterbusiness.com,Charter Business Services LLC,Arizona,United States,Business Services: Accounting and Tax Preparation
sailthru.com,Sailthru,New York,United States,Marketing & Advertising
esignal.com,ESignal,California,United States,"Software & Internet, Data Analytics, Management and Storage"
qq.com,QQ,,United Kingdom,Information Technology & Services
99designs.com,99designs,,Australia,Design
clickability.com,Clickability by Upland,California,United States,Computer Software
totalrecipesearch.com,,,,
lyris.com,EmailLabs,,,Computer Software
listrak.com,Listrak,Pennsylvania,United States,Marketing & Advertising
att.jobs,ATT,,United Kingdom,Business Services: Business Services Other
wirelessemporium.com,"Mobovida, LLC",California,United States,Consumer Electronics
wordstream.com,WordStream,Massachusetts,United States,Marketing & Advertising
air-watch.com,VMware AirWatch,Georgia,United States,Computer Software
appboy.com,Braze (formerly Appboy),New York,United States,Internet
wistia.com,Wistia,Massachusetts,United States,Internet
smtp.com,"SMTP, Inc.",Massachusetts,United States,Information Technology & Services
waze.com,Waze,California,United States,Information Technology & Services
cox.net,Cox Communications,Georgia,United States,Broadcast Media
list-manage.com,,,,
modaoperandi.com,"Moda Operandi, Inc",New York,United States,Luxury Goods & Jewelry
epaperflip.com,ePaperFlip (now DCatalog),California,United States,Online Publishing
vtechphones.com,VTech,,Hong Kong,Consumer Electronics
peer1.com,Cogeco Peer 1,British Columbia,Canada,Information Technology & Services
whatsupgold.com,"Ipswitch, Inc.",Massachusetts,United States,Computer Software
hellodirect.com,Hello Direct,New Hampshire,United States,Telecommunications
virginmedia.com,Virgin Media,,United Kingdom,Telecommunications
urbanairship.com,Urban Airship,Oregon,United States,Information Technology & Services
truphone.com,Straub Ventures Ltd,,United Kingdom,Venture Capital
eztexting.com,EZ Texting,New York,United States,Telecommunications
gmx.com,GMX,Texas,United States,Software & Internet: E-commerce and Internet Businesses
cloudera.com,Cloudera,California,United States,Computer Software
americommerce.com,AmeriCommerce,Texas,United States,Internet
homesandland.com,Homes & Land,Florida,United States,Marketing & Advertising
ericsson.com,Ericsson,,Sweden,Information Technology & Services
broadvoice.com,Broadvoice,Massachusetts,United States,Telecommunications
citymax.com,CityMax,British Columbia,Canada,Computer Software
geotrust.com,GeoTrust,California,United States,Computer & Network Security
myemma.com,"Emma, Inc.",Tennessee,United States,Information Technology & Services
godatafeed.com,GoDataFeed,,,Internet
gogoair.com,Gogo,Illinois,United States,Telecommunications
adknowledge.com,Adknowledge,Missouri,United States,Marketing & Advertising
appsumo.com,Sumo Group (Sumo.com / AppSumo.com),,,Internet
att.net,ATT,,United Kingdom,Business Services: Business Services Other
janus.com,Janus Henderson Investors U.S.,Colorado,United States,Investment Management
whitefence.com,WhiteFence,Texas,United States,Internet
ntt.com,NTT Australia Pty Ltd,,Australia,Information Technology & Services
equinix.com,Equinix,California,United States,Internet
speakeasy.net,Speakeasy,California,United States,Telecommunications
cio.com,CIO Magazine,,,Publishing
cspire.com,C Spire,Mississippi,United States,Telecommunications
example.com,example,Idaho,United States,Business Services: HR and Recruiting Services
yammer.com,"Yammer, Inc.",California,United States,Computer Software
so-net.ne.jp,Sonet,,,Telecommunications
datapipe.com,Datapipe,New Jersey,United States,Information Technology & Services
clicksor.com,Clicksor.com,Ontario,Canada,Marketing & Advertising
inetu.net,"INetU, a ViaWest Company",Pennsylvania,United States,Information Technology & Services
gogrid.com,GoGrid,California,United States,Internet
singlehop.com,SingleHop,Illinois,United States,Information Technology & Services
t-online.de,T-Online,,,Internet
iweb.com,iWeb,Quebec,Canada,Information Technology & Services
idrive.com,IDrive Software India Pvt Ltd,,,Computer Software
toutapp.com,"ToutApp, Inc.",California,United States,Internet
me.com,Apple,California,United States,Consumer Electronics
consumer-rankings.com,,,,
411.ca,411.ca,Ontario,Canada,Information Technology & Services
moonfruit.com,Moonfruit,,,Internet
bandwidth.com,Bandwidth Inc.,North Carolina,United States,Telecommunications
vzwshop.com,Verizon Wireless,New Jersey,United States,Telecommunications
xfinity.com,,,,
digium.com,Digium,Alabama,United States,Telecommunications
discounttwo-wayradio.com,Discount Two-Way Radio,California,United States,Business Supplies & Equipment
mashery.com,Mashery,California,United States,Information Technology & Services
carphonewarehouse.com,Carphone Warehouse,,United Kingdom,Retail
sherweb.com,SherWeb,Quebec,Canada,Information Technology & Services
shoretel.com,ShoreTel,California,United States,Telecommunications
imation.com,Imation,Minnesota,United States,Information Technology & Services
nobelcom.com,Nobelcom Ltd.,Massachusetts,United States,Consumer Services: Consumer Services Other
mocospace.com,Mocospace.com,Massachusetts,United States,Software & Internet: E-commerce and Internet Businesses
talktalk.co.uk,TalkTalk,,United Kingdom,Telecommunications
alexa.com,Alexa.com,California,United States,Internet
yahoo.net,Yahoo,California,United States,Internet
conductor.com,"Conductor, Inc.",New York,United States,Internet
digitalchocolate.com,Digital Chocolate,California,United States,Computer Games
ampedwireless.com,Amped Wireless,,,Computer Networking
mixpanel.com,Mixpanel,California,United States,Computer Software
netfirms.com,Netfirms,Ontario,Canada,Internet
infinitydish.com,,,,
scoutmob.com,Scoutmob,Georgia,United States,Internet
unbounce.com,Unbounce,British Columbia,Canada,Marketing & Advertising
netvibes.com,Netvibes,California,United States,Internet
photobiz.com,PhotoBiz LLC,North Carolina,United States,Internet
efaxcorporate.com,j2 Global,California,United States,Information Services
arubanetworks.com,"Aruba, a Hewlett Packard Enterprise company",California,United States,Computer Networking
bodyguardz.com,BGZ brands™,Utah,United States,Wireless
pinnaclecart.com,"Pinnacle Cart, Inc",Arizona,United States,Computer Software
sitepoint.com,SitePoint,,Australia,Internet
aerohive.com,Aerohive Networks,California,United States,Wireless
echodesign.com,Echo Design Group,New York,United States,Apparel & Fashion
signupgenius.com,SignUpGenius,,,Internet
directtrack.com,Direct Response Technologies,Pennsylvania,United States,Computer Software
nettalk.com,netTALK,Florida,United States,Telecommunications
tripod.com,Tripod,Indiana,United States,Other: Other
inmobi.com,InMobi,,India,Marketing & Advertising
narod.ru,narod,California,United States,Other: Other
artistwebsites.com,,,,
telus.net,TELUS,British Columbia,Canada,Telecommunications
3gstore.com,3Gstore.com,Illinois,United States,Telecommunications
bronto.com,Oracle + Bronto,North Carolina,United States,Computer Software
cafe24.com,Cafe 24,Ohio,United States,Retail: Restaurants and Bars
tradeindia.com,Tradeindia.com-Infocom Network Ltd,,India,Online Publishing
windowsazure.com,,,,
flippingbook.com,FlippingBook,,,Computer Software
woothemes.com,WooThemes,,,Internet
bestcovery.com,"Bestcovery.com, LLC",California,United States,Internet
sina.com.cn,SINA,,,Nonprofit Organization Management
yahoo.com,Yahoo!,,,Internet
thehighcalling.org,The High Calling,,,Publishing
ezetop.com,Ding.com,,Ireland,Telecommunications
altervista.org,CalvisanoWeb,,,Internet
digitallanding.com,Digital Landing,Florida,United States,Business Services: Business Services Other
fb.com,Facebook,California,United States,Internet
allconnect.com,Allconnect,Georgia,United States,Consumer Services
trendhunter.com,Trend Hunter,Ontario,Canada,Market Research
vidyo.com,Vidyo,New Jersey,United States,Information Technology & Services
otherinbox.com,OtherInbox,Texas,United States,Internet
mediacomcable.com,Mediacom Communications,New York,United States,Telecommunications
anymeeting.com,AnyMeeting,California,United States,Computer Software
lge.com,LG Electronics,California,United States,Consumer Electronics
yesware.com,Yesware,Massachusetts,United States,Internet
hostdime.com,HostDime.com,Florida,United States,Internet
buy.com,Rakuten.com,,,Consumer Goods
relianceglobalcall.com,Reliance Global Call,,,Telecommunications
clickmeter.com,ClickMeter,,,Marketing & Advertising
ignitionone.com,IgnitionOne,,,Marketing & Advertising
pages05.net,,,,
kvh.com,"KVH Industries, Inc.",Rhode Island,United States,Telecommunications
local03.com,Local 03,,,Telecommunications
launchrock.com,Launchrock,California,United States,Internet
izea.com,IZEA,Florida,United States,Marketing & Advertising
tributes.com,"Tributes, Inc.",Massachusetts,United States,Internet
hdaccessory.com,hdaccessory,California,United States,Consumer Services: Consumer Services Other
antonline.com,Antonline.com,Georgia,United States,Consumer Electronics
hatena.ne.jp,Hatena.Co.Ltd,,Japan,Internet
geocities.jp,GeoCities,California,United States,Other: Other
pogoplug.com,Cloud Engines,,,Consumer Electronics
slickdeals.net,"Slickdeals, LLC",Nevada,United States,Online Publishing
tollfreeforwarding.com,TollFreeForwarding.com,California,United States,Telecommunications
smaato.com,Smaato,California,United States,Marketing & Advertising
vps.net,VPS.NET,Utah,United States,Information Technology & Services
sewelldirect.com,Sewell Direct,Utah,United States,Retail: Retail Other
hostbaby.com,CD Baby,Oregon,United States,Music
swisscom.ch,Swisscom,,Switzerland,Information Technology & Services
ipower.com,IPOWER,,,Information Technology & Services
crackberry.com,CrackBerry.com,,,Information Technology & Services
sinovision.net,SinoVision,,,Media Production
line2.com,Line2,California,United States,Telecommunications
accrisoft.com,Accrisoft Corporation,Florida,United States,Internet
sendthisfile.com,"SendThisFile, Inc.",Kansas,United States,Internet
localphone.com,Localphone Ltd.,,United Kingdom,Telecommunications
invisionapp.com,InVision,New York,United States,Internet
siteground.com,SiteGround Web Hosting Company,,,Information Technology & Services
zoner.com,ZONER software,Florida,United States,Computer Software
copernic.com,Copernic,Quebec,Canada,Computer Software
telekom.com,Deutsche Telekom UK Limited,,,Telecommunications
whichvoip.com,WhichVoIP.com,Washington,United States,Internet
graphicmail.com,SharpSpring Mail +,Florida,United States,Internet
clicktale.com,Clicktale,Texas,United States,Internet
callsource.com,CallSource,California,United States,Information Services
ait.com,"Advanced Internet Technologies, Inc.",North Carolina,United States,Information Technology & Services
no-ip.com,No-IP.com,,,Computer Networking
toast.net,TOAST.net Internet Service,Ohio,United States,Internet
mobal.com,Mobal Communications Inc,New York,United States,Telecommunications
tatacommunications.com,Tata Communications,,India,Telecommunications
cwa-union.org,Communications Workers of America,District Of Columbia,United States,Civic & Social Organization
accessorygeeks.com,Accessorygeeks.com,California,United States,Retail
at.ua,MebelXL.kiev.ua - Мебель на заказ,,,Furniture
net10.com,Net 10 Technologies Inc,California,United States,Computers & Electronics: Instruments and Controls
eweek.com,eWEEK.com,Massachusetts,United States,Writing & Editing
gigaom.com,Gigaom,California,United States,Online Publishing
jiwire.com,JiWire,California,United States,Marketing & Advertising
163.com,NetEase,,China,Internet
yolasite.com,,,,
seidioonline.com,"Seidio, Inc.",Texas,United States,Consumer Electronics
kajeet.com,Kajeet,Maryland,United States,Telecommunications
topproducer.com,Top Producer Systems,British Columbia,Canada,Real Estate
abril.com.br,Abril,,Brazil,Media Production
infoseek.co.jp,Infoseek,,,Internet
polleverywhere.com,Poll Everywhere,Illinois,United States,Information Technology & Services
hostmysite.com,HostMySite,Delaware,United States,Information Technology & Services
simplycast.com,SimplyCast,Nova Scotia,Canada,Marketing & Advertising
snapapp.com,SnapApp,Massachusetts,United States,Marketing & Advertising
tribesports.com,Tribesports,,,Sporting Goods
hasoffers.com,TUNE,Washington,United States,Marketing & Advertising
mayo.edu,Mayo Foundation for Medical Education and Research,Minnesota,United States,"Education, Colleges and Universities, Healthcare, Pharmaceuticals, & Biotech, Hospitals"
jumpfly.com,JumpFly,Illinois,United States,Marketing & Advertising
uniden.com,Uniden,Texas,United States,Telecommunications
mobileiron.com,MobileIron,California,United States,Computer Software
streamsend.com,StreamSend,California,United States,Marketing & Advertising
a2hosting.com,A2 Hosting,Michigan,United States,Internet
nextjobathome.com,,,,
podomatic.com,PodOmatic,California,United States,Internet
thinglink.com,ThingLink,,Finland,Internet
apnic.net,APNIC,,Australia,Internet
bezecom.com,Bezecom,,,Telecommunications
fairpoint.com,FairPoint Communications,North Carolina,United States,Telecommunications
digi.com,Digi International,Minnesota,United States,Wireless
usr.com,USRobotics,Illinois,United States,Telecommunications
cablesandkits.com,CablesAndKits,Georgia,United States,Computer Networking
fathomdelivers.com,Fathom Marketing,Ohio,United States,Marketing & Advertising
uol.com.br,BTG Pactual,Florida,United States,Software & Internet: Software & Internet Other
globalspec.com,Engineering360 Media Solutions,New York,United States,Marketing & Advertising
jangomail.com,JangoMail,Ohio,United States,Marketing & Advertising
freephonetracer.com,Free Phone Tracer,Nebraska,United States,Telecommunications: Telecommunications Other
saba.com,Saba Software,California,United States,Computer Software
du.ae,du,,United Arab Emirates,Telecommunications
umcom.org,United Methodist Communications,Tennessee,United States,Nonprofit Organization Management
idt.net,IDT Corporation,New Jersey,United States,Telecommunications
appsbar.com,appsbar Inc.,,,Internet
hughes.com,Hughes Network Systems,Maryland,United States,Telecommunications
walla.co.il,Marvalous,,,"Health, Wellness & Fitness"
buydomains.com,Buy Domains,California,United States,Other: Other
sohu.com,Sohu.com,,China,Internet
maas360.com,Fiberlink Communications,Pennsylvania,United States,Telecommunications: Wireless and Mobile
birch.com,Birch Communications,Georgia,United States,Information Technology & Services
sencha.com,Sencha,California,United States,Computer Software
call-em-all.com,Call-Em-All,Texas,United States,Telecommunications
justdial.com,Justdial,,India,Information Technology & Services
synthasite.com,Synthasite,,,Internet
bevomedia.com,Bevo Media Exchange,California,United States,Marketing & Advertising
directstartv.com,Red Ventures,South Carolina,United States,Marketing & Advertising
admarketplace.com,adMarketplace,New York,United States,Internet
spyfu.com,SpyFu,,United Kingdom,Computer Software
xcomglobal.com,XCom Global,California,United States,Telecommunications
magestore.com,Magestore,,Vietnam,Computer Software
smashingmagazine.com,Smashing Magazine,,,Internet
fiksu.com,Fiksu,Massachusetts,United States,Marketing & Advertising
resellerclub.com,ResellerClub,,India,Internet
toolbox.com,Toolbox.com,Arizona,United States,Online Publishing
charter.net,Barre Enterprises,Massachusetts,United States,Computer Networking
voip.com,VOIP.COM,California,United States,Telecommunications
leaguelineup.com,East End Little League,Pennsylvania,United States,"Travel, Recreation, and Leisure, Travel, Recreation, and Leisure Other"
onesuite.com,Onesuitecom Corporation,California,United States,Business Services: Business Services Other
linkconnector.com,LinkConnector,North Carolina,United States,Internet
coroflot.com,Coroflot,Connecticut,United States,Design
parentlink.net,Parlant Technology,Utah,United States,Computer Software
cableone.net,Cable ONE,Arizona,United States,Telecommunications
simplereach.com,SimpleReach,New York,United States,Internet
marketmotive.com,Market Motive,California,United States,Professional Training
411.com,Central Insurance Agency,North Carolina,United States,Financial Services: Insurance and Risk Management
glispa.com,Glispa Global Group,New York,United States,Marketing & Advertising
bluefountainmedia.com,Blue Fountain Media,New York,United States,Marketing & Advertising
signnow.com,CudaSign,Wisconsin,United States,Internet
sena.com,Sena Technologies Inc.,,Korea,Information Technology & Services
producteev.com,Producteev by Jive,New York,United States,Internet
voipo.com,VOIPO.com,California,United States,Information Technology & Services
peeplo.com,,,,
technewsworld.com,ECT News Network,California,United States,Online Publishing
pcnametag.com,pc/nametag,Wisconsin,United States,Events Services
freedownloads.us.com,,,,
wideanglesoftware.com,Wide Angle Software Ltd,,,Computer Software
clickatell.com,Clickatell,California,United States,Telecommunications
yola.com,Yola.com,California,United States,Internet
distilled.net,Distilled,,United Kingdom,Internet
ucoz.ru,"Tatiana Malkova, a Russian-English translator/interpreter in Moscow, self-employed",,,Translation & Localization
bluestacks.com,BlueStacks,California,United States,Computer Software
onet.pl,Tansportation & Forwarding Agency,,,Transportation/Trucking/Railroad
budgetmobile.com,Budget Mobile,Louisiana,United States,Telecommunications
clear.com,CLEAR Inc,,,Telecommunications
microsoftonline.com,"Star Partner Enterprises Two, LLC",,,Restaurants
meetingsfocus.com,Meetings Focus,California,United States,Publishing
mapilab.com,MAPILab Ltd.,Washington,United States,Computer Software
sendible.com,Sendible,,United Kingdom,Information Technology & Services
apartmenthomeliving.com,ApartmentHomeLiving.com,Texas,United States,Marketing & Advertising
ccrane.com,C. Crane Co.,California,United States,Consumer Electronics
cj.com,CJ Affiliate,California,United States,Marketing & Advertising
pcmatic.com,,,,
ringrevenue.com,Invoca,California,United States,Computer Software
firehost.com,Armor Cloud Security,Texas,United States,Information Technology & Services
orangesoda.com,OrangeSoda,Utah,United States,Marketing & Advertising
daum.net,CharmARm Farm,,,Farming
affiliatetechnology.com,,,,
rappler.com,Asia Sentinel,,,Media Production
raventools.com,Raven Tools,Tennessee,United States,Internet
swappa.com,Swappa,,,Internet
shaw.ca,,,,
codero.com,Codero Hosting,Kansas,United States,Information Technology & Services
fc2.com,fc2.com,Nevada,United States,Other: Other
callfire.com,CallFire,California,United States,Telecommunications
skimlinks.com,Skimlinks,,United Kingdom,Internet
cablemover.com,CableMover,,,Consumer Services
tbo.com,TBO.com,Florida,United States,Online Publishing
tdstelecom.com,TDS Telecommunications LLC,Wisconsin,United States,Telecommunications
mobileroadie.com,Mobile Roadie,California,United States,Internet
astraweb.com,Astra Web Design Company,Florida,United States,"Real Estate & Construction: Architecture,Engineering and Design"
adsage.com,adSage Corporation,Washington,United States,Marketing & Advertising
webnode.cz,DEML Group s.r.o.,,Czech Republic,Pharmaceuticals
ixiacom.com,Ixia,California,United States,Computer Networking
codetwo.com,CodeTwo Software,,Poland,Information Technology & Services
topseos.com,topseos.com,Indiana,United States,Internet
free.fr,,,,
interserver.net,InterServer,,,Internet
ugr.es,Universidad de Granada,,,Higher Education
harmon.ie,harmon.ie,California,United States,Computer Software
kajabi.com,Kajabi,,,Computer Software
3cx.com,3CX,,Cyprus,Computer Software
cleverbridge.com,cleverbridge,,Germany,Internet
woopra.com,Woopra,California,United States,Information Technology & Services
litmus.com,Litmus,Massachusetts,United States,Computer Software
ipass.com,iPass,California,United States,Information Technology & Services
videotron.com,Videotron,,Canada,Telecommunications
lightreading.com,Light Reading,New York,United States,Online Publishing
lifehealthpro.com,,,,
yahoo.co.jp,Yahoo!,,,Internet
asmallorange.com,A Small Orange,North Carolina,United States,Internet
towerstream.com,Towerstream,Rhode Island,United States,Internet
g3telecom.com,G3 Telecom,Ontario,Canada,Telecommunications
cjb.net,CJB,,United Kingdom,Biotechnology
slideshop.com,SlideShop.com,Indiana,United States,Design
genuitec.com,"Genuitec, LLC",Texas,United States,Computer Software
marcaria.com,Marcaria.com,,,Internet
netatlantic.com,"Net Atlantic, Inc.",Massachusetts,United States,Information Technology & Services
mlxchange.com,Tree Realty,Florida,United States,Agriculture & Mining: Farming and Ranching
elasticemail.com,Elastic Email,,,Internet
greengeeks.com,GreenGeeks,California,United States,Internet
aheadworks.com,Aheadworks,,,Information Technology & Services
terremark.com,Verizon Terremark,Florida,United States,Information Technology & Services
appspot.com,,,,
logiforms.com,"Logiforms Software, Inc.",,,Computer Software
hubshout.com,HubShout,Virginia,United States,Marketing & Advertising
housing.com,Housing.com,,,Real Estate
prv.pl,PRV: Patent- och registreringsverket,,Sweden,Government Administration
adonit.net,Adonit,,,Consumer Electronics
fuzemeeting.com,Fuze Meeting,California,United States,Software & Internet: Software & Internet Other
serverpronto.com,ServerPronto,Florida,United States,Internet
cx.com,"ampX2, Inc.",Massachusetts,United States,Information Technology & Services
exclaimer.com,Exclaimer,,United Kingdom,Information Technology & Services
virtualpbx.com,VirtualPBX,California,United States,Telecommunications
axmag.com,X-MAG,,China,Mining & Metals
suffolk.edu,Suffolk University,Massachusetts,United States,Higher Education
scorpiondesign.com,Scorpion,California,United States,Marketing & Advertising
companionlink.com,CompanionLink Software,Oregon,United States,Computer Software
nextworth.com,NextWorth,Massachusetts,United States,Internet
acquisio.com,Acquisio,Quebec,Canada,Marketing & Advertising
techradar.com,TechRadar Pro,,,Online Publishing
flipbuilder.com,,,,
rcrwireless.com,RCR Wireless News,Texas,United States,Online Publishing
bang-olufsen.com,Bang &amp; Olufsen,Illinois,United States,Consumer Electronics
ezanga.com,eZanga,Delaware,United States,Internet
ebrandz.com,eBrandz Solutions Pvt. Ltd.,,India,Information Technology & Services
silktide.com,Insites (a division of Silktide),,United Kingdom,Internet
freedomvoice.com,FreedomVoice,California,United States,Telecommunications
amantel.com,IK Communications,,,Telecommunications
voicestar.com,Voicestar,Pennsylvania,United States,"Consumer Services, Consumer Services Other"
searchmarketingexpo.com,SMX - Search Marketing Expo,,,Internet
sfr.fr,SFR,,,Telecommunications
performics.com,Performics,Illinois,United States,Marketing & Advertising
showingsuite.com,"Showing Suite, Inc.",California,United States,Real Estate
cellcom.co.il,Cellcom,,Israel,Telecommunications
allmyfaves.com,All My Faves,,Israel,Internet
mawebcenters.com,"The Church Agency, Inc.",Ohio,United States,Insurance
zedge.net,ZEDGE,New York,United States,Internet
gazeta.ru,Gazeta.Ru,,,Online Publishing
nimbuzz.com,Nimbuzz,,Netherlands,Internet
truconnect.com,TruConnect,,,Telecommunications
vresp.com,VerticalResponse  Josh Feinberg,California,United States,Other: Other
trapcall.com,,,,
bb-elec.com,Advantech B+B SmartWorx,Illinois,United States,Electrical & Electronic Manufacturing
manageflitter.com,ManageFlitter,,,Information Technology & Services
libero.it,Libero Produzioni Televisive,,Italy,Broadcast Media
seewhy.com,"SeeWhy, Inc.",Massachusetts,United States,Information Technology & Services
imeet.com,iMeet Video Conferencing,Georgia,United States,Telecommunications: Video and Teleconferencing
seomoz.org,Moz,,,Internet
flipsnack.com,FlipSnack,,,Online Publishing
tmcnet.com,TMC,Connecticut,United States,Publishing
olark.com,Olark,California,United States,Information Technology & Services
wisestamp.com,WiseStamp,,Israel,Internet
elevenwireless.com,"Eleven Software, Inc.",Oregon,United States,Computer Software
webceo.com,Web CEO,,Ukraine,Computer Software
37signals.com,Basecamp,Illinois,United States,Internet
app.net,App.net,Louisiana,United States,Internet
mindspring.com,MindSpring,,,Internet
vocalocity.com,Vonage Business,Georgia,United States,Information Technology & Services
ojooo.com,FREE E-MAIL,,,Computer Software
ntlworld.com,Virgin Media,,United Kingdom,Telecommunications
pasternack.com,Pasternack Enterprises Inc,California,United States,Electrical & Electronic Manufacturing
cincinnatibell.com,Cincinnati Bell,Ohio,United States,Telecommunications
zain.com,Zain,,Kuwait,Telecommunications
xo.com,XO Communications,Virginia,United States,Telecommunications
befunky.com,BeFunky Inc.,,,Computer Software
brighthand.com,Brighthand,Ohio,United States,Media & Entertainment: Media & Entertainment Other
cases.com,Cases.com,Colorado,United States,Consumer Goods
morevisibility.com,MoreVisibility,Florida,United States,Marketing & Advertising
tmobile.jobs,,,,
dslextreme.com,Estrada Dental Supply,California,United States,Consumer Services: Personal Care
androidauthority.com,Android Authority,,,Online Publishing
de.vu,Power Strategic Insights LLC,,,Management Consulting
telehispanic.com,Telehispanic Services,Florida,United States,Telecommunications
mygrande.com,Grande Communications LLC,,,Telecommunications
sina.com,SINA,,,Nonprofit Organization Management
net.com,Network Equipment Technologies,,,Telecommunications
clearme.com,CLEAR (clearme.com),New York,United States,Consumer Services
mainstreethost.com,Mainstreethost,New York,United States,Marketing & Advertising
startec.com,Startec,,,Telecommunications
dishtv.com,DishTV,,,Broadcast Media
artisteer.com,,,,
ojon.com,"Estee Lauder, Ojon",Ontario,Canada,Consumer Goods
custhelp.com,"Plantronics, Inc.",California,United States,"Business Services: Advertising, Marketing and PR"
callture.com,Callture Inc.,Ontario,Canada,Telecommunications
bossrevolution.com,,,,
cmo.com,CMO,,,Government Relations
vat19.com,Jumby Bay Studios/Vat19,Missouri,United States,Retail: Clothing and Shoes Stores
openx.org,OpenX,California,United States,Internet
telenet.be,Telenet,,Belgium,Telecommunications
finditquick.com,FindItQuick.com,New York,United States,Marketing & Advertising
appadvice.com,AppAdvice,,,Media Production
sorensonvrs.com,Sorenson Communications,Utah,United States,Telecommunications
assurancewireless.com,,,,
voipreview.org,"Voip Review, LLC",Colorado,United States,Telecommunications: Telephone Service Providers and Carriers
osiaffiliate.com,OSI Affiliate Software,Florida,United States,Marketing & Advertising
galeon.com,Galeon,,,"Health, Wellness & Fitness"
dialogic.com,Dialogic,California,United States,Telecommunications
website.ws,"Global Domains International, Inc.",California,United States,Internet
exede.com,Exede Corp,Wisconsin,United States,"Consumer Services, Consumer Services Other"
qwestoffice.net,"About Blind Cleaning, Inc.",,,Consumer Services
excite.co.jp,Excite,,,Internet
etoncorp.com,Eton Corporation,California,United States,Consumer Electronics
sierrawireless.com,Sierra Wireless,British Columbia,Canada,Wireless
url.com,"United Research Laboratories, Inc.",Pennsylvania,United States,Business Services: Business Services Other
whatismyipaddress.com,,,,
savenkeep.com,,,,
webimax.com,WebiMax,New Jersey,United States,Marketing & Advertising
eukhost.com,eUKhost Ltd - UK Web Hosting Service Provider Since 2001,,United Kingdom,Information Technology & Services
5linx.com,5LINX,New York,United States,Consumer Services
echostar.com,EchoStar Corporation,Colorado,United States,Telecommunications
publicrecords.com,Public Records,Nebraska,United States,Government: Government Other
bellsouth.com,BellSouth,Georgia,United States,"Telecommunications, Telecommunications Equipment and Accessories"
dotster.com,Dotster,Washington,United States,Internet
dxengineering.com,DX Engineering,Ohio,United States,"Telecommunications, Telecommunications Equipment and Accessories"
viaero.com,Viaero Wireless,Colorado,United States,Wireless
limestonenetworks.com,"Limestone Networks, Inc.",Texas,United States,Computer Networking
tones7.com,,,,
tapjoy.com,Tapjoy,California,United States,Information Technology & Services
exabytes.com,Exabytes Network Sdn Bhd,,,Computer Networking
seo.com,SEO.com,,United States,Marketing & Advertising
socialblade.com,Social Blade LLC,,,Internet
scannermaster.com,Scanner Master,,,Consumer Electronics
morningprint.com,,,,
howlifeworks.com,How Life Works,California,United States,"Healthcare, Pharmaceuticals, & Biotech: Healthcare, Pharmaceuticals, and Biotech Other"
50megs.com,Unique Photography,,,Photography
in.com,Children First Mental Health Institute Pvt. Ltd.,,India,Mental Health Care
pagesperso-orange.fr,,,,
turnkeyinternet.net,TurnKey Internet,New York,United States,Information Technology & Services
gogvo.com,,,,
freeiz.com,"Izzat, Danmark",,,E-learning
brainhost.com,Brain Host,Ohio,United States,Internet
starhub.com,StarHub,,Singapore,Telecommunications
whoson.com,PARKER SOFTWARE LIMITED,,United Kingdom,Software & Internet: Software
sitepal.com,SitePal.com,,,Online Publishing
site24x7.com,,,,
coveroo.com,Coveroo,California,United States,Computer Software
voki.com,Voki,New York,United States,E-learning
cmswire.com,CMSWire,,,Online Publishing
localnet.com,LocalNet,Pennsylvania,United States,Telecommunications
hotspotsystem.com,Hotspot System Ltd.,,,Wireless
bamboosolutions.com,Bamboo Solutions,Virginia,United States,Computer Software
talkfusion.com,Talk Fusion Corporate,Florida,United States,Marketing & Advertising
esmas.com,Editorial Televisa,Florida,United States,"Media & Entertainment, Newspapers, Books and Periodicals"
shopclues.com,ShopClues,,India,Internet
wealthyaffiliate.com,Wealthy Affiliate Programs,,,Online Publishing
wayin.com,Wayin,Colorado,United States,Internet
telestial.com,Telestial,Massachusetts,United States,Wireless
4t.com,,,,
superb.net,Superb Internet Corp.,Hawaii,United States,Internet
uverse.com,,,,
zetaboards.com,"Zeta Boards, Inc",Maryland,United States,Software & Internet: E-commerce and Internet Businesses
trafficwave.net,TrafficWave.net,Texas,United States,Marketing & Advertising
angelfire.com,Angelfire,Oregon,United States,Media & Entertainment: Media & Entertainment Other
pragmaticworks.com,Pragmatic Works,Florida,United States,Information Technology & Services
comcastbiz.net,Hyndman Borough,Pennsylvania,United States,Government: Local Government
doteasy.com,Doteasy,Maine,United States,"Software & Internet: Data Analytics, Management and Storage"
bicsi.org,BICSI,Florida,United States,Telecommunications
atwebpages.com,Second Tiers,,,Professional Training
sperrysoftware.com,Sperry Software Inc.,Florida,United States,Computer Software
wpromote.com,Wpromote,California,United States,Marketing & Advertising
trustedreviews.com,TrustedReviews,,,Consumer Electronics
highspeedinternet.com,High Speed Internet,Iowa,United States,Software & Internet: Software & Internet Other
aflglobal.com,AFL,South Carolina,United States,Telecommunications
emailfinder.com,,,,
appsgeyser.com,AppsGeyser.com,Virginia,United States,Computer Software
balsamiq.com,Balsamiq,California,United States,Computer Software
adgooroo.com,AdGooroo - a Kantar Media Company,Illinois,United States,Marketing & Advertising
windstream.net,Early Century Restorations,,,
5linx.net,5LINX,New York,United States,Consumer Services
conversocial.com,Conversocial,,United Kingdom,Computer Software
mooo.com,mooo,,Australia,Retail
leadbolt.com,Leadbolt,,Australia,Marketing & Advertising
advantech.com.tw,Advantech,,Taiwan,Computer Hardware
cordlessworkz.com,CordlessWorkz,North Carolina,United States,Internet
101domain.com,101domain GRS Limited,California,United States,Internet
onlinehome.us,,,,
maxmind.com,MaxMind,Massachusetts,United States,Information Technology & Services
mojo-themes.com,,,,
afternic.com,Afternic,,,Internet
roadrunner.com,Photoshop Artist and Tutor,,,Graphic Design
phonedog.com,PhoneDog Media,,,Publishing
connectify.me,Connectify,Pennsylvania,United States,Computer Software
dynadot.com,Dynadot,California,United States,Internet
techwyse.com,TechWyse Internet Marketing,Ontario,Canada,Marketing & Advertising
tiptopwebsite.com,First Generation Carpet Clnng,New Jersey,United States,"Business Services: Advertising, Marketing and PR"
technobuffalo.com,TechnoBuffalo,,,Publishing
socialgo.com,SocialGO,,United Kingdom,Internet
dishlatino.com,Dish Latino,California,United States,Other: Other
startlogic.com,"StartLogic, Inc,",Arizona,United States,"Software & Internet, Data Analytics, Management and Storage"
alaskacommunications.com,Alaska Communications,Alaska,United States,Telecommunications
androidpolice.com,AndroidPolice.com,,,Internet
avea.com.tr,Avea,,Turkey,Telecommunications
us.com,Roundwood Lodge,,,Food & Beverages
webatu.com,"Transportes Fernandez Renedo,S.L.",,,Transportation/Trucking/Railroad
t-mobile.pl,T-Mobile Polska,,,Telecommunications
ctia.org,CTIA,District Of Columbia,United States,Wireless
dyndns.org,Dyn,New Hampshire,United States,Internet
prankdial.com,,,,
sync2.com,,,,
zamzar.com,Zamzar Ltd,,,Computer Software
progrexion.com,Progrexion,Utah,United States,Financial Services
idnes.cz,,,,
voltage.com,HPE Security - Data Security,California,United States,Computer Software
avispl.com,AVI-SPL,Florida,United States,Information Technology & Services
360cities.net,360Cities.net,,Czech Republic,Photography
pennytalk.com,,,,
atlanticbt.com,Atlantic BT,North Carolina,United States,Internet
thesslstore.com,The SSL Store™,Florida,United States,Computer Software
qualityunit.com,QualityUnit,,,Information Technology & Services
ez.no,eZ Systems,,Norway,Computer Software
boxwave.com,BoxWave,Washington,United States,Internet
e-monsite.com,E-monsite,,,Internet
luxsci.com,"Lux Scientiae, Incorporated",Massachusetts,United States,Information Technology & Services
pixelcrayons.com,PixelCrayons,,India,Information Technology & Services
serverintellect.com,Server Intellect,Florida,United States,Information Technology & Services
hamradiolicenseexam.com,,,,
hsselite.com,,,,
jsu.edu,Jacksonville State University,Alabama,United States,Higher Education
codecademy.com,Codecademy,,,Computer Software
rambler.ru,,,,
appnovation.com,Appnovation,British Columbia,Canada,Information Technology & Services
bigtent.com,"Big Tent Design, Inc.",California,United States,Internet
tut.by,EPAM Systems,Pennsylvania,United States,Information Technology & Services
hover.com,Hover,Ontario,Canada,Internet
deviceanywhere.com,Keynote DeviceAnywhere,California,United States,Computer Software
websitetoolbox.com,Website Toolbox India Pvt Ltd,,,Information Technology & Services
shopgate.com,Shopgate Inc.,,Germany,Information Technology & Services
fortumo.com,Fortumo,,Estonia,Financial Services
highervisibility.com,HigherVisibility,Tennessee,United States,Marketing & Advertising
hellofax.com,HelloSign,California,United States,Internet
searchmarketing.com,,,,
magicjack.com,magicJack,,,Telecommunications
actiance.com,"Actiance, Inc.",California,United States,Computer Software
mts.com,MTS Systems Corporation,Minnesota,United States,Mechanical or Industrial Engineering
differencebetween.net,Difference Between,,,Online Publishing
toucharcade.com,TouchArcade.com,,,Internet
searchbug.com,"SearchBug, Inc.",California,United States,Information Services
ipevo.com,IPEVO,California,United States,Consumer Electronics
scosche.com,"Scosche Industries, Inc.",,,Consumer Electronics
mongoosemetrics.com,Mongoose Metrics,Ohio,United States,Internet
irise.com,iRise,California,United States,Computer Software
goo.ne.jp,,,,
emarketer.com,eMarketer,New York,United States,Marketing & Advertising
hotmail.com,Microsoft,Washington,United States,Computer Software
cellhut.com,Cellhut,New York,United States,Consumer Services
oversee.net,Oversee.net,California,United States,Internet
answernet.com,AnswerNet,Pennsylvania,United States,Telecommunications
wirelesszone.com,Wireless Zone Foundation For Giving,Florida,United States,Nonprofit Organization Management
link-assistant.com,Link-Assistant.Com,,Belarus,Internet
openxcell.com,OpenXcell ( CMMI Level 3 ),New York,United States,Information Technology & Services
101phones.com,101phones.com,New York,United States,Telecommunications: Wireless and Mobile
pchome.com.tw,Pc@Home,,,Computer & Network Security
allwebcodesign.com,Allwebco Design & Hosting,Illinois,United States,Consumer Services: Consumer Services Other
brinkster.net,Paper Palette Arts,,,Design
pku.edu.cn,PKU,California,United States,Education: Education Other
biglobe.ne.jp,,,,
aricent.com,Aricent,New Jersey,United States,Computer Software
spoofcard.com,,,,
cmworks.com,Columbus McKinnon,New York,United States,Machinery
jobvertise.com,Jobvertise,,,Staffing & Recruiting
brafton.com,Brafton Inc.,Massachusetts,United States,Marketing & Advertising
tigo.com.gt,Millicom (Tigo),,,Telecommunications
onebox.com,"Apractis Solutions, LLC",Texas,United States,Information Technology & Services
uservoice.com,UserVoice,California,United States,Computer Software
atmail.com,atmail pty ltd.,,Australia,Computer Software
midcocomm.com,"Midcontinent Communications, Inc.",,,"Telecommunications, Cable Television Providers"
vocalcom.com,Vocalcom,Illinois,United States,Computer Software
kabeldeutschland.de,Vodafone Kabel Deutschland GmbH,,,Telecommunications
ocn.ne.jp,Ocn,California,United States,Business Services: Facilities Management and Maintenance
ducttapemarketing.com,Duct Tape Marketing,Missouri,United States,Marketing & Advertising
online.de,Solid System Team GmbH,,,Computer Software
maktoob.com,Maktoob Group,Illinois,United States,Internet
mylikes.com,MyLikes,California,United States,Marketing & Advertising
gototraining.com,,,,
wordtracker.com,Wordtracker,,United Kingdom,Internet
appappeal.com,AppAppeal,,,Online Publishing
mail.ru,,,,
webspawner.com,Soule Electric,Kansas,United States,Business Services: Business Services Other
shop-pro.jp,,,,
padandquill.com,Pad&Quill,,,Consumer Goods
kunocreative.com,Kuno Creative,Ohio,United States,Marketing & Advertising
cardosystems.com,"Cardo Systems, Inc.",Pennsylvania,United States,Consumer Electronics
clickworker.com,"clickworker.com, Inc.",,Germany,Internet
onesimcard.com,OneSimCard,Massachusetts,United States,Telecommunications
siemon.com,The Siemon Company,Connecticut,United States,Information Technology & Services
movistar.com.pe,Movistar,,,Telecommunications
peerfly.com,"PeerFly, Inc.",Florida,United States,Marketing & Advertising
oxygenxml.com,Syncro Soft,,Romania,Computer Software
infinera.com,Infinera,California,United States,Telecommunications
wowslider.com,,,,
voodoo.com,Voodoo.com,Florida,United States,Internet
hongkiat.com,hongkiat.com,,,Information Technology & Services
i9sports.com,i9 Sports,Florida,United States,Sports
dsstyles.com,DSstyles Limited,,,Consumer Goods
indianic.com,IndiaNIC Infotech Limited,North Carolina,United States,Information Technology & Services
mailinator.com,Springfield Nuclear Power Plant,New York,United States,Renewables & Environment
gelaskins.com,GelaSkins Inc.,Ontario,Canada,Consumer Goods
boostability.com,Boostability,Utah,United States,Marketing & Advertising
edmundsassoc.com,"Edmunds & Associates, Inc.",New Jersey,United States,Computer Software
keku.com,KeKu,New York,United States,Information Technology & Services
sonetel.com,Sonetel,,Sweden,Internet
x10.com,X10 Wireless Technology,Washington,United States,Computer Software
ahrefs.com,Ahrefs,,,Internet
wildblue.com,WildBlue Communications,Colorado,United States,Internet
eurodns.com,EuroDNS,,Luxembourg,Internet
mysimplemobile.com,Simple Mobile LLC,California,United States,Wireless
mobilestorm.com,mobileStorm,California,United States,Internet
mynewsletterbuilder.com,MyNewsletterBuilder,,,Information Technology & Services
wilsonelectronics.com,Wilson Electronics,Utah,United States,Wireless
lolipop.jp,Lolipop,,,Apparel & Fashion
telefonica.com,Telefónica,Florida,United States,Telecommunications
8m.com,Admirals Cup Bar The,Maryland,United States,Retail: Restaurants and Bars
symanteccloud.com,Symantec Cloud Services,,United Kingdom,Information Technology & Services
sungardas.com,SunGard Availability Services LP,,,Information Technology & Services
x10.mx,,,,
freedomsoft.com,FreedomSoft,,,Real Estate
000webhost.com,,,,
fax.com,Fairbanks Anchorage X Press Inc,Alaska,United States,Transportation & Storage: Freight Hauling (Rail and Truck)
kozzi.com,Kozzi Images,,,Photography
dnsmadeeasy.com,DNS Made Easy,Florida,United States,Information Technology & Services
hostpapa.com,Host Papa,New York,United States,Software & Internet: E-commerce and Internet Businesses
cellebrite.com,Cellebrite,,Israel,Telecommunications
contactology.com,Contactology,North Carolina,United States,Computer Software
brightlocal.com,BrightLocal,,United States,Marketing & Advertising
offervault.com,Offer Vault,Manitoba,Canada,Online Publishing
hosting.com,HOSTING,Colorado,United States,Information Technology & Services
onetouch.com,OneTouch Systems,California,United States,Computer Software
gmx.es,Yomio,Pennsylvania,United States,Consumer Goods
gosquared.com,GoSquared,,United Kingdom,Internet
websitepulse.com,WebSitePulse,Florida,United States,Information Technology & Services
ic.cz,LEDKor,,,Retail
cyberchimps.com,CyberChimps.com,California,United States,Internet
slickwraps.com,Ryan Hendrix: Commercial Advertising Photographer,,,Photography
ocnk.net,,,,
pingo.com,Pingo,,,Fundraising
zing.vn,Moeletsi Links,,,Marketing & Advertising
stackideas.com,Stack Ideas Sdn Bhd,,,Internet
linksynergy.com,,,,
zixcorp.com,Zix,Texas,United States,Computer Software
handhelditems.com,Handheld Items,California,United States,Computers & Electronics: Computers & Electronics Other
powweb.com,Powweb,California,United States,Software & Internet: E-commerce and Internet Businesses
listbox.com,"IC Groups, Inc",Pennsylvania,United States,"Business Services: Advertising, Marketing and PR"
cloudsolutions.co.uk,Cloud Technology Solutions,,United Kingdom,Computer Software
pagesjaunes.ca,,,,
baydin.com,Baydin (Boomerang),,United States,Internet
drippler.com,Drippler,,Israel,Internet
dataviz.com,"DataViz, Inc.",Connecticut,United States,Computer Software
studyabroad.com,Study @ Abroad,,,Education Management
mobileread.com,MobileRead,,,Internet
pinpointe.com,Pinpointe On-Demand,California,United States,Computer Software
wiggio.com,Wiggio,Massachusetts,United States,Information Technology & Services
heliohost.org,Helio Networks,,,Internet
digitaljournal.com,DigitalJournal.com,Ontario,Canada,Online Publishing
whatclinic.com,WhatClinic.com,,Ireland,"Health, Wellness & Fitness"
rockettheme.com,,,,
drupalgardens.com,,,,
etfdailynews.com,ETF Daily News,New Hampshire,United States,Internet
covario.com,Covario (iProspect),California,United States,Marketing & Advertising
northstate.net,North State,North Carolina,United States,Telecommunications
simplehelix.com,Simple Helix,Alabama,United States,Information Technology & Services
flurry.com,Flurry from Yahoo,California,United States,Marketing & Advertising
uk2.net,UK2,,,Internet
whmcs.com,WHMCS,,,Computer Software
neuf.fr,NEUF,,,Apparel & Fashion
blurbpoint.com,Blurbpoint Media Private Limited,,United Kingdom,Marketing & Advertising
sogosurvey.com,SoGoSurvey,Virginia,United States,Information Technology & Services
weaknees.com,Weaknees.Com,California,United States,Consumer Electronics
thebigboss.org,Big Boss,,,Information Technology & Services
portent.com,Portent,Washington,United States,Marketing & Advertising
pcb.com,"PCB Piezotronics, Inc.",New York,United States,Electrical & Electronic Manufacturing
bravehost.com,,,,
sudokuprofessor.com,,,,
activecampaign.com,"ActiveCampaign, Inc.",Illinois,United States,Computer Software
onlinephonestore.com,OnlinePhoneStore,New York,United States,Retail: Retail Other
eatel.com,4M and J Management LLC,Louisiana,United States,Restaurants
tether.com,Tether,Nova Scotia,Canada,Telecommunications: Wireless and Mobile
voipsupply.com,VoIP Supply,New York,United States,Telecommunications
piwik.org,Piwik,,,Internet
nana10.co.il,nana10,,,Internet
4team.biz,4Team Corporation,Florida,United States,Computer Software
entireweb.com,Entireweb Sweden AB,,,Information Technology & Services
gosphero.com,,,,
iana.org,Internet Assigned Numbers Authority (IANA),California,United States,Software & Internet: Software & Internet Other
lunametrics.com,LunaMetrics,Pennsylvania,United States,Marketing & Advertising
